[{"col":1,"row":1,"width":12,"height":23,"children":[{"id":"braden_scale/braden_scale","rows":[{"cols":[{"width":"100%","children":[{"id":"braden_scale/braden_scale/event_series/origin","rows":[]},{"id":"braden_scale/braden_scale/any_event","rows":[{"cols":[{"width":"100%","children":[{"id":"braden_scale/braden_scale/any_event/sensory_perception","rows":[]},{"id":"braden_scale/braden_scale/any_event/moisture","rows":[]},{"id":"braden_scale/braden_scale/any_event/activity","rows":[]},{"id":"braden_scale/braden_scale/any_event/mobility","rows":[]},{"id":"braden_scale/braden_scale/any_event/nutrition","rows":[]},{"id":"braden_scale/braden_scale/any_event/friction_and_shear","rows":[]},{"id":"braden_scale/braden_scale/any_event/comment","rows":[]},{"id":"braden_scale/braden_scale/any_event/total_score","rows":[]},{"id":"braden_scale/braden_scale/any_event/time","rows":[]}]}]}]}]}]}]}]}]