{"name":"Form root","localizedNames":{},"localizedDescriptions":{},"rmType":"FORM_DEFINITION","min":0,"max":0,"formId":"form_root","viewConfig":{"label":{"custom":false,"useLocalizations":false},"size":{"field":"inherit","label":"inherit"},"layout":{"label":{"valign":"inherit","align":"inherit"},"field":{"valign":"inherit","align":"inherit"}},"annotations":{}},"children":[{"name":"Braden scale","localizedName":"Braden scale","localizedNames":{"en":"Braden scale","fi":"*Braden scale (en)","nb":"*Braden scale (en)"},"localizedDescriptions":{"en":"The Braden scale is a tool used to assess the risk of pressure ulcer development in adults and children over the age of five years.","nb":"Braden-skala for vurdering av trykksår er et verktøy som brukes for å vurdere risiko for trykksårutvikling hos voksne og hos barn som er eldre enn fem år gamle.","fi":"Painehaavariskin arviointiin tarkoitettua Braden-asteikkoa käytetään painehaavojen kehittymisen riskin arviointiin aikuisilla ja yli viisivuotiailla lapsilla."},"rmType":"OBSERVATION","nodeId":"openEHR-EHR-OBSERVATION.braden_scale.v1","min":0,"max":1,"aqlPath":"/content[openEHR-EHR-OBSERVATION.braden_scale.v1]","inputs":[],"formId":"braden_scale/braden_scale","viewConfig":{"multiplicity":{"min":0,"max":1},"advanced":{"hidden":false,"readonly":false,"hideFrame":false,"render":false},"label":{"custom":false,"useLocalizations":false},"size":{"field":"inherit","label":"inherit"},"layout":{"label":{"valign":"inherit","align":"top"},"field":{"valign":"inherit","align":"inherit"}},"annotations":{},"field":{}},"children":[{"name":"Origin","localizedName":"Origin","localizedNames":{"en":"Origin","fi":"*Origin (fi)","nb":"*Origin (nb)"},"localizedDescriptions":{},"rmType":"DV_DATE_TIME","min":0,"max":1,"aqlPath":"/content[openEHR-EHR-OBSERVATION.braden_scale.v1]/data[at0001]/origin","inputs":[{"type":"DATETIME","listOpen":false}],"formId":"braden_scale/braden_scale/event_series/origin","viewConfig":{"multiplicity":{"min":0,"max":1},"advanced":{"hidden":false,"readonly":false,"hideFrame":false,"render":false},"label":{"custom":false,"useLocalizations":false},"size":{"field":"inherit","label":"inherit"},"layout":{"label":{"valign":"inherit","align":"inherit"},"field":{"valign":"inherit","align":"inherit"}},"annotations":{},"field":{"input":{"hideTime":false,"dateFormat":"","hideDate":false}}}},{"name":"Any event","localizedName":"Any event","localizedNames":{"en":"Any event","fi":"Mikä tahansa tapahtuma","nb":"Uspesifisert hendelse"},"localizedDescriptions":{"en":"Default, unspecified point in time event which may be explicitly defined in a template or at run-time.","nb":"Standard, uspesifisert tidspunkt eller tidsintervall som kan defineres mer eksplisitt i en template eller i en applikasjon.","fi":"Oletusarvoinen, määrittämättömänä ajanhetkenä ilmenevä tapahtuma, joka voi olla määritetty tarkasti jossakin mallissa tai suorituksen aikana."},"rmType":"EVENT","nodeId":"at0002","min":0,"max":1,"aqlPath":"/content[openEHR-EHR-OBSERVATION.braden_scale.v1]/data[at0001]/events[at0002]","inputs":[],"formId":"braden_scale/braden_scale/any_event","viewConfig":{"multiplicity":{"min":0,"max":1},"advanced":{"hidden":false,"readonly":false,"hideFrame":false,"render":false},"label":{"custom":false,"useLocalizations":false},"size":{"field":"inherit","label":"inherit"},"layout":{"label":{"valign":"inherit","align":"inherit"},"field":{"valign":"inherit","align":"inherit"}},"annotations":{}},"children":[{"name":"Sensory perception","localizedName":"Sensory perception","localizedNames":{"en":"Sensory perception","fi":"Tuntoaisti","nb":"Evnen til å oppfatte og reagere på stimuli"},"localizedDescriptions":{"en":"Ability to respond meaningfully to pressure-related discomfort.","nb":"Evnen til å reagere hensiktsmessig ved ubehag som er trykkrelatert.","fi":"Kyky reagoida tarkoituksenmukaisesti paineeseen liittyvään epämukavuuteen."},"rmType":"DV_ORDINAL","nodeId":"at0004","min":0,"max":1,"aqlPath":"/content[openEHR-EHR-OBSERVATION.braden_scale.v1]/data[at0001]/events[at0002]/data[at0003]/items[at0004]/value","inputs":[{"type":"CODED_TEXT","list":[{"value":"at0005","label":"Completely limited","ordinal":1,"localizedLabels":{"en":"Completely limited","nb":"Totalt redusert","fi":"Täysin rajoittunut"},"localizedDescriptions":{"en":"Unresponsive (does not moan, flinch, or grasp) to painful stimuli, due to diminished level of consciousness or sedation. OR limited ability to feel pain over most of body.","nb":"Reagerer ikke på smertestimuli på grunn av redusert bevissthetsnivå eller sedasjon, (stønner ikke, avverger ikke) eller har redusert evne til å kjenne smerte over mesteparten av kroppens overflate.","fi":"Ei reagoi lainkaan kipuun (esim. ei sävähdä tai tartu kiinni) tajunnan heikentymisen tai rauhoittavan lääkityksen vuoksi. TAI Kiputunto rajoittunutta suurimmassa osassa kehoa."}},{"value":"at0006","label":"Very limited","ordinal":2,"localizedLabels":{"en":"Very limited","nb":"Meget redusert","fi":"Hyvin rajoittunut"},"localizedDescriptions":{"en":"Responds only to painful stimuli. Cannot communicate discomfort except by moaning or restlessness. OR has a sensory impairment which limits the ability to feel pain or discomfort over 1/2 of body.","nb":"Reagerer kun på smertestimuli. Kommuniserer ikke ubehag unntatt ved stønn eller rastløshet eller har redusert evne til å oppfatte sansestimuli med begrenset evne til å kjenne smerte eller ubehag over halvparten av kroppens overflate.","fi":"Reagoi vain kipuun. Pystyy ilmaisemaan kivun ja epämukavuuden tunteen vain valittamalla tai rauhattomana käytöksenä. TAI Tuntopuutos rajoittaa kivun tai epämukavuuden aistimista yli puolessa kehon osista."}},{"value":"at0007","label":"Slightly limited","ordinal":3,"localizedLabels":{"en":"Slightly limited","nb":"Noe redusert","fi":"Hieman rajoittunut"},"localizedDescriptions":{"en":"Responds to verbal commands, but cannot always communicate discomfort or the need to be turned. OR has some sensory impairment which limits ability to feel pain or discomfort in 1 or 2 extremities.","nb":"Reagerer på verbale stimuli men klarer ikke alltid å formidle ubehag eller behov for å bli snudd eller\r\nhar noe redusert evne til å oppfatte sansestimuli med begrenset evne til å kjenne smerte eller behag i en eller to ekstremiteter.","fi":"Reagoi puheeseen, muttei aina pysty ilmaisemaan omaa epämukavuuttaan tai tunne tarvetta vaihtaa asentoa. TAI Tuntopuutos rajoittaa kivun ja epämukavuuden tunnetta yhdessä tai kahdessa raajassa."}},{"value":"at0008","label":"No impairment","ordinal":4,"localizedLabels":{"en":"No impairment","nb":"Ikke redusert","fi":"Normaali"},"localizedDescriptions":{"en":"Responds to verbal commands. Has no sensory deficit which would limit ability to feel or voice pain or discomfort.","nb":"Reagerer på muntlige beskjeder. Har ingen svikt i sanseapparat med begrensning av evnen til å kjenne eller gi uttrykk for smerte eller ubehag.","fi":"Reagoi puheeseen. Ei aistipuutoksia, jotka rajoittaisivat kykyä tuntea tai kipua ja epämukavuutta."}}],"listOpen":false}],"formId":"braden_scale/braden_scale/any_event/sensory_perception","viewConfig":{"multiplicity":{"min":0,"max":1},"advanced":{"hidden":false,"readonly":false,"hideFrame":false,"render":false},"label":{"custom":false,"useLocalizations":false},"size":{"field":"inherit","label":"inherit"},"layout":{"label":{"valign":"inherit","align":"inherit"},"field":{"valign":"inherit","align":"inherit"}},"annotations":{},"field":{"presentation":"radios","columns":"1","input":{"presentation":"radios","columns":"1"}}}},{"name":"Moisture","localizedName":"Moisture","localizedNames":{"en":"Moisture","fi":"Kosteus","nb":"Fuktighet"},"localizedDescriptions":{"en":"Degree to which skin is exposed to moisture.","nb":"I hvor stor grad er huden utsatt for fuktighet.","fi":"Ihon kosteusaltistuksen määrä."},"rmType":"DV_ORDINAL","nodeId":"at0009","min":0,"max":1,"aqlPath":"/content[openEHR-EHR-OBSERVATION.braden_scale.v1]/data[at0001]/events[at0002]/data[at0003]/items[at0009]/value","inputs":[{"type":"CODED_TEXT","list":[{"value":"at0015","label":"Constantly moist","ordinal":1,"localizedLabels":{"en":"Constantly moist","nb":"Fuktig mesteparten av tiden","fi":"Jatkuvasti kostea"},"localizedDescriptions":{"en":"Skin is kept moist almost constantly by perspiration, urine etc. Dampness is detected every time patient is moved or turned.","nb":"Huden er fuktig store deler av tiden på grunn av svette, urin o.l. Fuktighet kjennes hver gang pasienten skal flyttes eller snus.","fi":"Iho pysyy koko ajan kosteana (hiki, virtsa, tms. erite). Aina potilasta liikutettaessa havaitaan kosteutta."}},{"value":"at0016","label":"Very moist","ordinal":2,"localizedLabels":{"en":"Very moist","nb":"Fuktig","fi":"Erittäin kostea"},"localizedDescriptions":{"en":"Skin is often, but not always moist. Linen must be changed as often as 3 times in 24 hours.","nb":"Huden er ofte fuktig, men ikke alltid. Sengetøyskift er nødvendig minst 3 ganger per 24 timer.","fi":"Iho on usein, muttei aina, kostea. Petivaatteet ja pyjama täytyy vaihtaa jopa kolme kertaa vuorokaudessa."}},{"value":"at0017","label":"Occasionally moist","ordinal":3,"localizedLabels":{"en":"Occasionally moist","nb":"Fuktig av og til","fi":"Satunnaisesti kostea"},"localizedDescriptions":{"en":"Skin is occasionally moist, requiring an extra linen change approximately once a day.","nb":"Huden er fuktig av og til, sengetøyskift er nødvendig omtrent en gang pr. dag.","fi":"Iho on ajoittain kostea. Petivaatteet ja pyjama täytyy vaihtaa kerran vuorokaudessa."}},{"value":"at0018","label":"Rarely moist","ordinal":4,"localizedLabels":{"en":"Rarely moist","nb":"Sjelden fuktig","fi":"Harvoin kostea"},"localizedDescriptions":{"en":"Skin is usually dry, linen only requires changing at routine intervals.","nb":"Huden er vanligvis tørr, sengetøyet skiftes kun til fastsatte tidspunkter.","fi":"Iho on tavallisesti kuiva. Petivaatteet ja pyjama vaihdetaan tavanomaisin väliajoin."}}],"listOpen":false}],"formId":"braden_scale/braden_scale/any_event/moisture","viewConfig":{"multiplicity":{"min":0,"max":1},"advanced":{"hidden":false,"readonly":false,"hideFrame":false,"render":false},"label":{"custom":false,"useLocalizations":false},"size":{"field":"inherit","label":"inherit"},"layout":{"label":{"valign":"inherit","align":"inherit"},"field":{"valign":"inherit","align":"inherit"}},"annotations":{},"field":{"presentation":"radios","columns":"4","input":{"presentation":"radios","columns":"4"}}}},{"name":"Activity","localizedName":"Activity","localizedNames":{"en":"Activity","fi":"Aktiivisuus","nb":"Aktivitet"},"localizedDescriptions":{"en":"Degree of physical ability.","nb":"Grad av fysisk aktivitet.","fi":"Fyysisen toimintakyvyn vertailuaste."},"rmType":"DV_ORDINAL","nodeId":"at0010","min":0,"max":1,"aqlPath":"/content[openEHR-EHR-OBSERVATION.braden_scale.v1]/data[at0001]/events[at0002]/data[at0003]/items[at0010]/value","inputs":[{"type":"CODED_TEXT","list":[{"value":"at0011","label":"Bedfast","ordinal":1,"localizedLabels":{"en":"Bedfast","nb":"Sengeliggende","fi":"Vuodepotilas"},"localizedDescriptions":{"en":"Confined to bed.","nb":"Er ikke ute av sengen. Eventuelt løftes ut av sengen og løftes tilbake igjen etter meget kort tid.","fi":"Hoidetaan vuoteessa."}},{"value":"at0012","label":"Chairfast","ordinal":2,"localizedLabels":{"en":"Chairfast","nb":"Stolbundet","fi":"Istumakykyinen"},"localizedDescriptions":{"en":"Ability to walk severely limited or non-existent. Cannot bear own weight and/or must be assisted into chair or wheelchair.","nb":"Evnen til å gå er svært begrenset eller mangler helt. Kan ikke bære egen kroppsvekt og/eller må ha hjelp til å komme seg over i stol eller rullestol.","fi":"Kävelykyky huonoa tai puuttuu kokonaan. Ei pysty kannattamaan painoaan tai tarvitsee apua siirtymisessä tuoliin tai pyörätuoliin."}},{"value":"at0013","label":"Walks occasionally","ordinal":3,"localizedLabels":{"en":"Walks occasionally","nb":"Går av og til","fi":"Kävelee silloin tällöin"},"localizedDescriptions":{"en":"Walks occasionally during day, but for very short distances, with or without assistance. Spends majority of each shift in bed or chair. OR spends majority of each day at home in bed or chair.","nb":"Går av og til I løpet av dagen men kun korte avstander, med eller uten hjelp. Tilbringer mesteparten av hver vakt i seng eller stol.","fi":"Kävelee silloin tällöin päivän aikana ilman apua tai autettuna, mutta hyvin lyhyitä matkoja. Viettää suurimman osan kustakin työvuorosta sängyssä tai tuolissa. TAI Viettää enimmän ajastaan kotonaan sängyssä tai tuolissa."}},{"value":"at0014","label":"Walks frequently","ordinal":4,"localizedLabels":{"en":"Walks frequently","nb":"Går ofte","fi":"Kävelee säännöllisesti"},"localizedDescriptions":{"en":"Walks outside room at least twice a day and inside room at least once every two hours during waking hours.","nb":"Går utenfor rommet minst to ganger daglig og I rommet minst en gang\r\nannen hver time om dagen.","fi":"Kävelee huoneen ulkopuolella ainakin kahdesti päivässä ja huoneessaan vähintään kerran kahdessa tunnissa valveillaoloaikana."}}],"listOpen":false}],"formId":"braden_scale/braden_scale/any_event/activity","viewConfig":{"multiplicity":{"min":0,"max":1},"advanced":{"hidden":false,"readonly":false,"hideFrame":false,"render":false},"label":{"custom":false,"useLocalizations":false},"size":{"field":"inherit","label":"inherit"},"layout":{"label":{"valign":"inherit","align":"inherit"},"field":{"valign":"inherit","align":"inherit"}},"annotations":{},"field":{"presentation":"combobox","columns":"4","input":{"presentation":"combobox","columns":"4"}}}},{"name":"Mobility","localizedName":"Mobility","localizedNames":{"en":"Mobility","fi":"Liikkuvuus","nb":"Mobilitet"},"localizedDescriptions":{"en":"Ability to change and control body position.","nb":"Evne til å styre kroppen og skifte stilling.","fi":"Kyky muuttaa ja hallita kehon asentoa."},"rmType":"DV_ORDINAL","nodeId":"at0019","min":0,"max":1,"aqlPath":"/content[openEHR-EHR-OBSERVATION.braden_scale.v1]/data[at0001]/events[at0002]/data[at0003]/items[at0019]/value","inputs":[{"type":"CODED_TEXT","list":[{"value":"at0026","label":"Completely immobile","ordinal":1,"localizedLabels":{"en":"Completely immobile","nb":"Fullstendig immobil","fi":"Täysin liikuntakyvytön"},"localizedDescriptions":{"en":"Does not make even slight changes in body or extremity position without assistance.","nb":"Gjør ingen endringer i kroppens stilling eller endring av ekstremiteters stilling uten hjelp.","fi":"Ei pysty muuttamaan kehon tai raajojen asentoa vähääkään ilman apua."}},{"value":"at0027","label":"Very limited","ordinal":2,"localizedLabels":{"en":"Very limited","nb":"Meget begrenset","fi":"Hyvin rajoittunut"},"localizedDescriptions":{"en":"Makes occasional slight changes in body or extremity position but unable to make frequent or significant changes independently.","nb":"Gjør av og til mindre endringer i kroppens eller ekstremitetenes stilling, men er ikke i stand til å gjøre hyppige eller større endringer uten hjelp.","fi":"Kykenee satunnaisesti liikuttamaan vähän kehoaan tai raajojaan, muttei kykene toistuviin merkityksellisiin asennonmuutoksiin ilman apua."}},{"value":"at0028","label":"Slightly limited","ordinal":3,"localizedLabels":{"en":"Slightly limited","nb":"Noe begrenset","fi":"Hieman rajoittunut"},"localizedDescriptions":{"en":"Makes frequent though slight changes in body or extremity position independently.","nb":"Gjør hyppige eller mindre endringer i kroppens eller ekstremitetenes stilling selv.","fi":"Kykenee itsenäisesti toistuviin, vaikkakin vähäisiin, kehon tai raajojen asennonmuutoksiin."}},{"value":"at0029","label":"No limitation","ordinal":4,"localizedLabels":{"en":"No limitation","nb":"Ingen begrensninger","fi":"Ei rajoitusta"},"localizedDescriptions":{"en":"Makes major and frequent changes in position without assistance.","nb":"Gjør store og hyppige endringer i stilling uten hjelp.","fi":"Kykenee merkittäviin ja toistuviin asennonmuutoksiin ilman ulkopuolista apua."}}],"listOpen":false}],"formId":"braden_scale/braden_scale/any_event/mobility","viewConfig":{"multiplicity":{"min":0,"max":1},"advanced":{"hidden":false,"readonly":false,"hideFrame":false,"render":false},"label":{"custom":false,"useLocalizations":false},"size":{"field":"inherit","label":"inherit"},"layout":{"label":{"valign":"inherit","align":"inherit"},"field":{"valign":"inherit","align":"inherit"}},"annotations":{},"field":{"presentation":"combobox","columns":"4","input":{"presentation":"combobox","columns":"4"}}}},{"name":"Nutrition","localizedName":"Nutrition","localizedNames":{"en":"Nutrition","fi":"Ravitsemus","nb":"Ernæring"},"localizedDescriptions":{"en":"Usual food intake pattern.","nb":"Vanlig mønster for fødeinntak/ ernæring .","fi":"Perusruokamäärän saanti."},"rmType":"DV_ORDINAL","nodeId":"at0020","min":0,"max":1,"aqlPath":"/content[openEHR-EHR-OBSERVATION.braden_scale.v1]/data[at0001]/events[at0002]/data[at0003]/items[at0020]/value","inputs":[{"type":"CODED_TEXT","list":[{"value":"at0030","label":"Very poor","ordinal":1,"localizedLabels":{"en":"Very poor","nb":"Svært dårlig","fi":"Hyvin huono"},"localizedDescriptions":{"en":"Never eats a complete meal. Rarely eats more than a 1/3 of any food offered. Eats 2 servings or less of protein (meat or dairy products) per day. Takes fluids poorly. Does not take a liquid dietary supplement. OR is NPO and/or maintained on clear liquids or IV's for more than 5 days.","nb":"Spiser aldri et fullstendig måltid. Spiser sjelden mer enn en tredjedel av maten som tilbys. Spiser to porsjoner eller mindre av proteiner (kjøtt eller melkeprodukter) pr. dag. Tar ikke drikke med ernæringstilskudd, eller Er null pr. os og/eller får kun klar væske eller intravenøst i mer enn 5 døgn.","fi":"Ei syö koskaan koko ateriaa. Harvoin syö 1/3 tarjotusta ruoasta. Syö kaksi annosta (liha- tai maitotuotteet) tai vähemmän proteiinia päivässä. Ottaa nesteitä vähän. Ei ota nestemäisiä lisäravintovalmisteita. TAI ei syö mitään suun kautta, ja/tai potilasta ylläpidetään kirkkailla nesteillä tai täydellisellä parenteraalisella ravitsemuksella yli 5 vrk."}},{"value":"at0031","label":"Probably inadequate","ordinal":2,"localizedLabels":{"en":"Probably inadequate","nb":"Sannsynligvis utilstrekkelig","fi":"Todennäköisesti riittämätön"},"localizedDescriptions":{"en":"Rarely eats a complete meal and generally eats only about 1/2 of any food offered. Protein intake includes only 3 servings of meat or dairy products per day. Occasionally will take a dietary supplement. OR receives less than optimum amount of liquid diet or tube feeding.","nb":"Spiser sjelden et fullstendig måltid og spiser kun omtrent halvparten av maten som tilbys. Proteininntak omfatter kun tre porsjoner kjøtt eller melkeprodukter pr. dag. Får ernæringstilskudd av og til, eller får mindre enn optimal mengde flytende kost eller sondenæring.","fi":"Syö harvoin koko aterian ja syö yleensä vain 1/2 tarjotusta ruoasta. Syö vain kolme annosta (liha- tai maitotuotteet) proteiinia päivässä. Ottaa silloin tällöin lisäravintovalmisteita. TAI Ei saa normaalia määrää ravintoa nestemäisestä tai ravinnonsiirtoletkuruoasta."}},{"value":"at0032","label":"Adequate","ordinal":3,"localizedLabels":{"en":"Adequate","nb":"Tilstrekkelig","fi":"Riittävä"},"localizedDescriptions":{"en":"Eats over half of most meals. Eats a total of 4 servings of protein (meat, dairy products per day. Occasionally will refuse a meal, but will usually take a supplement when offered OR is on a tube feeding or TPN regimen which probably meets most of their nutritional needs.","nb":"Spiser mer enn halvparten av de fleste måltider. Spiser totalt fire porsjoner protein (kjøtt eller melkeprodukter) pr. dag. Avviser av og til et måltid, men tar vanligvis tilskudd hvis tilbudt. eller\r\nFår sondeernæring eller totalparenteral ernæring, som sannsynligvis tilfredsstiller ernæringsbehovet.","fi":"Syö yli puolet useimmista aterioista. Syö neljä annosta proteiinipitoista ruokaa päivässä (liha- tai maitotuotteet). Kieltäytyy joskus ateriasta, mutta ottaa yleensä lisäravintovalmisteen tarjottaessa TAI on letkuruokinnassa tai täydellisessä parenteraalisessa ravitsemuksessa, joka todennäköisesti täyttää suurimman osan potilaan ravinnontarpeesta."}},{"value":"at0033","label":"Excellent","ordinal":4,"localizedLabels":{"en":"Excellent","nb":"Meget bra","fi":"Erinomainen"},"localizedDescriptions":{"en":"Eats most of every meal. Never refuses a meal. Usually eats a total of 4 or more servings of meat and dairy products. Occasionally eats between meals. Does not require supplementation.","nb":"Spiser mesteparten av hvert måltid. Avviser aldri et måltid. Spiser vanligvis fire eller flere porsjoner med kjøtt og melkeprodukter. Spiser av og til mellom måltider. Har ikke behov for ernæringstilskudd.","fi":"Syö suurimman osan jokaisesta ateriasta. Syö aina tarjotut ruoat. Syö yleensä vähintään 4 annosta liha- tai maitotuotteita. Syö joskus aterioiden välillä. Ei tarvitse lisäravintovalmisteita."}}],"listOpen":false}],"formId":"braden_scale/braden_scale/any_event/nutrition","viewConfig":{"multiplicity":{"min":0,"max":1},"advanced":{"hidden":false,"readonly":false,"hideFrame":false,"render":false},"label":{"custom":false,"useLocalizations":false},"size":{"field":"inherit","label":"inherit"},"layout":{"label":{"valign":"inherit","align":"inherit"},"field":{"valign":"inherit","align":"inherit"}},"annotations":{},"field":{"presentation":"combobox","columns":"4","input":{"presentation":"combobox","columns":"4"}}}},{"name":"Friction and shear","localizedName":"Friction and shear","localizedNames":{"en":"Friction and shear","fi":"Kudoksen venyminen ja leikkausvoimat","nb":"Friksjon og skyveeffekt"},"localizedDescriptions":{"en":"Friction occurs when skin moves against support surfaces. Shear occurs when skin and adjacent bony surface slide across one another.","nb":"Friksjon oppstår når hud beveges mot overflater. Skyveeffekt oppstår når hud og underliggende bein beveges over hverandre.","fi":"Kitkaa syntyy, kun iho liikkuu potilasta tukevia pintoja vasten. Leikkausvoimia ilmenee, kun iho ja sen viereinen luinen pinta liukuvat toisiinsa nähden eri suuntiin."},"rmType":"DV_ORDINAL","nodeId":"at0021","min":0,"max":1,"aqlPath":"/content[openEHR-EHR-OBSERVATION.braden_scale.v1]/data[at0001]/events[at0002]/data[at0003]/items[at0021]/value","inputs":[{"type":"CODED_TEXT","list":[{"value":"at0023","label":"Problem","ordinal":1,"localizedLabels":{"en":"Problem","nb":"Problem","fi":"Ongelma"},"localizedDescriptions":{"en":"Requires moderate to maximum assistance in moving. Complete lifting without sliding against sheets is impossible. Frequently slides down in bed or chair, requiring frequent repositioning with maximum assistance. Spasticity, contractures or agitation leads to almost constant friction.","nb":"Trenger moderat til maksimalt hjelp ved forflytning. Løfting uten gnidning mot sengetøy er ikke mulig. Glir ofte ned i sengen eller stolen. Trenger hyppig stillingsendring med maksimal assistanse. Muskelspasmer, kontrakturer eller agitasjon medfører friksjon nesten hele tiden.","fi":"Tarvitsee liikkumisessa kohtalaista tai suurinta mahdollista apua. Nostaminen on mahdotonta ilman liu’uttamista lakanoita vasten. Valahtaa usein kasaan tuolissa tai sängyssä istuessa eikä pysty itse korjaamaan asentoaan. Kudoksiin kohdistuu jatkuvaa kitkaa spastisuuden, kontraktuurien tai levottomuuden vuoksi."}},{"value":"at0024","label":"Potential problem","ordinal":2,"localizedLabels":{"en":"Potential problem","nb":"Potensielt problem","fi":"Mahdollinen ongelma"},"localizedDescriptions":{"en":"Moves feebly or requires minimum assistance. During a move skin probably slides to some extent against sheets, chair, restraints or other devices. Maintains relatively good position in chair or bed most of the time but occasionally slides down.","nb":"Er svak og skral eller trenger noe hjelp til å bevege seg. Under forflytning glir huden til en viss grad mot laken, stol eller hjelpemidler. Opprettholder bra stilling i stol eller seng mesteparten av tiden, men glir ned av og til.","fi":"Liikkuu sujuvasti tai tarvitsee vain vähän apua liikkumiseen. Liikkuessa iho luultavasti hankautuu lakanoita, tuolia, laitoja tai muita apuvälineitä vasten. Pystyy pitämään suhteellisen hyvin asennon tuolissa tai sängyssä. Mahdollisesti silloin tällöin valuu kuitenkin jossakin määrin kasaan."}},{"value":"at0025","label":"No apparent problem","ordinal":3,"localizedLabels":{"en":"No apparent problem","nb":"Ikke noe øyensynlig problem","fi":"Ei havaittavaa ongelmaa"},"localizedDescriptions":{"en":"Moves in bed and in chair independently and has sufficient muscle strength to lift up completely during move. Maintains good position in bed or chair.","nb":"Forflytter seg i seng og i stol uten hjelp og har tilstrekkelig muskelstyrke til å løfte seg helt fra\r\nunderlaget ved forflytning. Opprettholder god stilling i seng eller stol til enhver tid.","fi":"Liikkuu sängyssä tai tuolissa itsenäisesti ja omaa riittävästi lihasvoimia itsensä nostamiseen. Ylläpitää hyvin asennon vuoteessa ja tuolissa."}}],"listOpen":false}],"formId":"braden_scale/braden_scale/any_event/friction_and_shear","viewConfig":{"multiplicity":{"min":0,"max":1},"advanced":{"hidden":false,"readonly":false,"hideFrame":false,"render":false},"label":{"custom":false,"useLocalizations":false},"size":{"field":"inherit","label":"inherit"},"layout":{"label":{"valign":"inherit","align":"inherit"},"field":{"valign":"inherit","align":"inherit"}},"annotations":{},"field":{"presentation":"combobox","columns":"3","input":{"presentation":"combobox","columns":"3"}}}},{"name":"Comment","localizedName":"Comment","localizedNames":{"en":"Comment","fi":"Kommentti","nb":"Kommentar"},"localizedDescriptions":{"en":"Additional narrative about the assessment of the Braden scale, not captured in other fields.","nb":"Ytterligere kommentar om bruk av Braden-skalaen.","fi":"Kertomusmuodossa olevat tiedot Braden-asteikolla tehdystä arvioinnista, joita ei voida ilmoittaa rakenteisissa muodossa olevissa kohdissa."},"rmType":"DV_TEXT","nodeId":"at0034","min":0,"max":1,"aqlPath":"/content[openEHR-EHR-OBSERVATION.braden_scale.v1]/data[at0001]/events[at0002]/data[at0003]/items[at0034]/value","inputs":[{"type":"TEXT","list":[],"listOpen":false}],"formId":"braden_scale/braden_scale/any_event/comment","viewConfig":{"multiplicity":{"min":0,"max":1},"advanced":{"hidden":false,"readonly":false,"hideFrame":false,"render":false},"label":{"custom":false,"useLocalizations":false},"size":{"field":"inherit","label":"inherit"},"layout":{"label":{"valign":"inherit","align":"inherit"},"field":{"valign":"inherit","align":"inherit"}},"annotations":{},"field":{"lines":null,"input":{},"formatting":null}}},{"name":"Total score","localizedName":"Total score","localizedNames":{"en":"Total score","fi":"Kokonaispisteet","nb":"Braden totalskår"},"localizedDescriptions":{"en":"The sum of the ordinal scores recorded for each of the six component responses.","nb":"Totalskår basert på summering av alle underskår som fastslår pasientens risiko for å utvikle trykksår.","fi":"Komponenttien (6 kpl) pisteiden yhteissumma."},"rmType":"DV_COUNT","nodeId":"at0022","min":0,"max":1,"aqlPath":"/content[openEHR-EHR-OBSERVATION.braden_scale.v1]/data[at0001]/events[at0002]/data[at0003]/items[at0022]/value","inputs":[{"type":"INTEGER","validation":{"range":{"minOp":">=","min":6.0,"maxOp":"<=","max":23.0}},"defaultValue":"","listOpen":false}],"formId":"braden_scale/braden_scale/any_event/total_score","viewConfig":{"multiplicity":{"min":0,"max":1},"advanced":{"hidden":false,"readonly":false,"hideFrame":false,"render":false},"label":{"custom":false,"useLocalizations":false},"size":{"field":"inherit","label":"inherit"},"layout":{"label":{"valign":"inherit","align":"inherit"},"field":{"valign":"inherit","align":"inherit"}},"annotations":{},"field":{}}},{"name":"Time","localizedName":"Time","localizedNames":{"en":"Time","fi":"*Time (fi)","nb":"*Time (nb)"},"localizedDescriptions":{},"rmType":"DV_DATE_TIME","min":0,"max":1,"aqlPath":"/content[openEHR-EHR-OBSERVATION.braden_scale.v1]/data[at0001]/events[at0002]/time","inputs":[{"type":"DATETIME","listOpen":false}],"formId":"braden_scale/braden_scale/any_event/time","viewConfig":{"multiplicity":{"min":0,"max":1},"advanced":{"hidden":false,"readonly":false,"hideFrame":false,"render":false},"label":{"custom":false,"useLocalizations":false},"size":{"field":"inherit","label":"inherit"},"layout":{"label":{"valign":"inherit","align":"inherit"},"field":{"valign":"inherit","align":"inherit"}},"annotations":{},"field":{"input":{"hideTime":false,"dateFormat":"","hideDate":false}}}}]}]}]}